datetime	city	country	nb_detected
18-03-2020_01-01-55_AM	Sweden	Stockholm	5
18-03-2020_01-01-56_AM	Sweden	Overtornea 	0
18-03-2020_01-03-58_AM	Sweden	Stockholm	1
18-03-2020_01-03-59_AM	Sweden	Overtornea 	0
18-03-2020_01-06-00_AM	Sweden	Stockholm	1
18-03-2020_01-06-01_AM	Sweden	Overtornea 	0
18-03-2020_01-08-02_AM	Sweden	Stockholm	3
18-03-2020_01-08-03_AM	Sweden	Overtornea 	0
18-03-2020_01-10-04_AM	Sweden	Stockholm	2
18-03-2020_01-10-06_AM	Sweden	Overtornea 	0
18-03-2020_01-12-07_AM	Sweden	Stockholm	4
18-03-2020_01-12-08_AM	Sweden	Overtornea 	0
18-03-2020_01-14-09_AM	Sweden	Stockholm	2
18-03-2020_01-14-10_AM	Sweden	Overtornea 	0
18-03-2020_01-16-11_AM	Sweden	Stockholm	3
18-03-2020_01-16-12_AM	Sweden	Overtornea 	0
18-03-2020_01-18-14_AM	Sweden	Stockholm	1
18-03-2020_01-18-15_AM	Sweden	Overtornea 	0
18-03-2020_01-20-16_AM	Sweden	Stockholm	2
18-03-2020_01-20-17_AM	Sweden	Overtornea 	0
18-03-2020_01-22-18_AM	Sweden	Stockholm	2
18-03-2020_01-22-19_AM	Sweden	Overtornea 	0
18-03-2020_01-24-21_AM	Sweden	Stockholm	2
18-03-2020_01-24-22_AM	Sweden	Overtornea 	0
18-03-2020_01-26-23_AM	Sweden	Stockholm	1
18-03-2020_01-26-24_AM	Sweden	Overtornea 	0
18-03-2020_01-28-25_AM	Sweden	Stockholm	8
18-03-2020_01-28-26_AM	Sweden	Overtornea 	0
18-03-2020_01-30-27_AM	Sweden	Stockholm	1
18-03-2020_01-30-29_AM	Sweden	Overtornea 	0
18-03-2020_01-32-30_AM	Sweden	Stockholm	1
18-03-2020_01-32-31_AM	Sweden	Overtornea 	0
18-03-2020_01-34-32_AM	Sweden	Stockholm	3
18-03-2020_01-34-33_AM	Sweden	Overtornea 	0
18-03-2020_01-36-34_AM	Sweden	Stockholm	1
18-03-2020_01-36-35_AM	Sweden	Overtornea 	0
18-03-2020_01-38-37_AM	Sweden	Stockholm	0
18-03-2020_01-38-38_AM	Sweden	Overtornea 	0
18-03-2020_01-40-39_AM	Sweden	Stockholm	1
18-03-2020_01-40-40_AM	Sweden	Overtornea 	0
18-03-2020_01-42-41_AM	Sweden	Stockholm	1
18-03-2020_01-42-42_AM	Sweden	Overtornea 	0
18-03-2020_01-44-44_AM	Sweden	Stockholm	3
18-03-2020_01-44-45_AM	Sweden	Overtornea 	0
18-03-2020_01-46-46_AM	Sweden	Stockholm	5
18-03-2020_01-46-47_AM	Sweden	Overtornea 	0
18-03-2020_01-48-48_AM	Sweden	Stockholm	1
18-03-2020_01-48-49_AM	Sweden	Overtornea 	0
18-03-2020_01-50-51_AM	Sweden	Stockholm	5
18-03-2020_01-50-52_AM	Sweden	Overtornea 	0
18-03-2020_01-52-53_AM	Sweden	Stockholm	1
18-03-2020_01-52-54_AM	Sweden	Overtornea 	0
18-03-2020_01-54-55_AM	Sweden	Stockholm	3
18-03-2020_01-54-56_AM	Sweden	Overtornea 	0
18-03-2020_01-56-57_AM	Sweden	Stockholm	3
18-03-2020_01-56-59_AM	Sweden	Overtornea 	0
18-03-2020_01-59-00_AM	Sweden	Stockholm	3
18-03-2020_01-59-01_AM	Sweden	Overtornea 	0
18-03-2020_02-01-02_AM	Sweden	Stockholm	4
18-03-2020_02-01-03_AM	Sweden	Overtornea 	0
18-03-2020_02-03-04_AM	Sweden	Stockholm	6
18-03-2020_02-03-05_AM	Sweden	Overtornea 	0
18-03-2020_02-05-07_AM	Sweden	Stockholm	3
18-03-2020_02-05-08_AM	Sweden	Overtornea 	0
18-03-2020_02-07-09_AM	Sweden	Stockholm	4
18-03-2020_02-07-10_AM	Sweden	Overtornea 	0
18-03-2020_02-09-11_AM	Sweden	Stockholm	2
18-03-2020_02-09-12_AM	Sweden	Overtornea 	0
18-03-2020_02-11-13_AM	Sweden	Stockholm	5
18-03-2020_02-11-15_AM	Sweden	Overtornea 	0
18-03-2020_02-13-16_AM	Sweden	Stockholm	3
18-03-2020_02-13-17_AM	Sweden	Overtornea 	0
18-03-2020_02-15-18_AM	Sweden	Stockholm	3
18-03-2020_02-15-19_AM	Sweden	Overtornea 	0
18-03-2020_02-17-20_AM	Sweden	Stockholm	2
18-03-2020_02-17-22_AM	Sweden	Overtornea 	0
18-03-2020_02-19-23_AM	Sweden	Stockholm	5
18-03-2020_02-19-24_AM	Sweden	Overtornea 	0
18-03-2020_02-21-25_AM	Sweden	Stockholm	4
18-03-2020_02-21-26_AM	Sweden	Overtornea 	0
18-03-2020_02-23-27_AM	Sweden	Stockholm	1
18-03-2020_02-23-28_AM	Sweden	Overtornea 	0
18-03-2020_02-25-30_AM	Sweden	Stockholm	2
18-03-2020_02-25-31_AM	Sweden	Overtornea 	0
18-03-2020_02-27-32_AM	Sweden	Stockholm	5
18-03-2020_02-27-33_AM	Sweden	Overtornea 	0
18-03-2020_02-29-34_AM	Sweden	Stockholm	6
18-03-2020_02-29-35_AM	Sweden	Overtornea 	0
18-03-2020_02-31-37_AM	Sweden	Stockholm	4
18-03-2020_02-31-38_AM	Sweden	Overtornea 	0
18-03-2020_02-33-39_AM	Sweden	Stockholm	5
18-03-2020_02-33-40_AM	Sweden	Overtornea 	0
18-03-2020_02-35-41_AM	Sweden	Stockholm	4
18-03-2020_02-35-43_AM	Sweden	Overtornea 	0
18-03-2020_02-37-44_AM	Sweden	Stockholm	4
18-03-2020_02-37-45_AM	Sweden	Overtornea 	0
18-03-2020_02-39-46_AM	Sweden	Stockholm	3
18-03-2020_02-39-47_AM	Sweden	Overtornea 	0
18-03-2020_02-41-48_AM	Sweden	Stockholm	4
18-03-2020_02-41-50_AM	Sweden	Overtornea 	0
18-03-2020_02-43-52_AM	Sweden	Stockholm	3
18-03-2020_02-43-53_AM	Sweden	Overtornea 	0
18-03-2020_02-45-54_AM	Sweden	Stockholm	3
18-03-2020_02-45-55_AM	Sweden	Overtornea 	0
18-03-2020_02-47-57_AM	Sweden	Stockholm	3
18-03-2020_02-47-58_AM	Sweden	Overtornea 	0
18-03-2020_02-49-59_AM	Sweden	Stockholm	3
18-03-2020_02-50-00_AM	Sweden	Overtornea 	0
18-03-2020_02-52-01_AM	Sweden	Stockholm	1
18-03-2020_02-52-02_AM	Sweden	Overtornea 	0
18-03-2020_02-54-03_AM	Sweden	Stockholm	3
18-03-2020_02-54-05_AM	Sweden	Overtornea 	0
18-03-2020_02-56-06_AM	Sweden	Stockholm	3
18-03-2020_02-56-07_AM	Sweden	Overtornea 	0
18-03-2020_02-58-08_AM	Sweden	Stockholm	5
18-03-2020_02-58-09_AM	Sweden	Overtornea 	0
18-03-2020_03-00-56_AM	Sweden	Stockholm	4
18-03-2020_03-01-29_AM	Sweden	Overtornea 	0
18-03-2020_03-03-30_AM	Sweden	Stockholm	3
18-03-2020_03-03-31_AM	Sweden	Overtornea 	0
18-03-2020_03-05-32_AM	Sweden	Stockholm	3
18-03-2020_03-05-33_AM	Sweden	Overtornea 	0
18-03-2020_03-07-35_AM	Sweden	Stockholm	3
18-03-2020_03-07-36_AM	Sweden	Overtornea 	0
18-03-2020_03-09-37_AM	Sweden	Stockholm	3
18-03-2020_03-09-38_AM	Sweden	Overtornea 	0
18-03-2020_03-11-39_AM	Sweden	Stockholm	1
18-03-2020_03-11-40_AM	Sweden	Overtornea 	0
18-03-2020_03-13-41_AM	Sweden	Stockholm	4
18-03-2020_03-13-43_AM	Sweden	Overtornea 	0
18-03-2020_03-15-44_AM	Sweden	Stockholm	4
18-03-2020_03-15-45_AM	Sweden	Overtornea 	0
18-03-2020_03-17-46_AM	Sweden	Stockholm	4
18-03-2020_03-17-47_AM	Sweden	Overtornea 	0
18-03-2020_03-21-08_AM	Sweden	Stockholm	5
18-03-2020_03-21-11_AM	Sweden	Overtornea 	0
18-03-2020_03-23-12_AM	Sweden	Stockholm	3
18-03-2020_03-23-13_AM	Sweden	Overtornea 	0
18-03-2020_03-25-14_AM	Sweden	Stockholm	4
18-03-2020_03-25-15_AM	Sweden	Overtornea 	0
18-03-2020_03-27-17_AM	Sweden	Stockholm	3
18-03-2020_03-27-18_AM	Sweden	Overtornea 	0
18-03-2020_03-29-19_AM	Sweden	Stockholm	4
18-03-2020_03-29-20_AM	Sweden	Overtornea 	0
18-03-2020_03-31-21_AM	Sweden	Stockholm	5
18-03-2020_03-31-22_AM	Sweden	Overtornea 	0
18-03-2020_03-33-39_AM	Sweden	Stockholm	6
18-03-2020_03-33-43_AM	Sweden	Overtornea 	0
18-03-2020_03-35-44_AM	Sweden	Stockholm	4
18-03-2020_03-35-45_AM	Sweden	Overtornea 	0
18-03-2020_03-37-47_AM	Sweden	Stockholm	4
18-03-2020_03-37-48_AM	Sweden	Overtornea 	0
18-03-2020_03-39-49_AM	Sweden	Stockholm	2
18-03-2020_03-39-50_AM	Sweden	Overtornea 	0
18-03-2020_03-41-51_AM	Sweden	Stockholm	4
18-03-2020_03-44-18_AM	Sweden	Overtornea 	0
18-03-2020_03-46-19_AM	Sweden	Stockholm	5
18-03-2020_03-46-20_AM	Sweden	Overtornea 	0
18-03-2020_03-48-22_AM	Sweden	Stockholm	4
18-03-2020_03-48-23_AM	Sweden	Overtornea 	0
18-03-2020_03-50-24_AM	Sweden	Stockholm	5
18-03-2020_03-50-25_AM	Sweden	Overtornea 	0
18-03-2020_03-52-26_AM	Sweden	Stockholm	4
18-03-2020_03-52-27_AM	Sweden	Overtornea 	0
18-03-2020_03-54-28_AM	Sweden	Stockholm	3
18-03-2020_03-54-30_AM	Sweden	Overtornea 	0
18-03-2020_03-56-31_AM	Sweden	Stockholm	5
18-03-2020_03-56-32_AM	Sweden	Overtornea 	0
18-03-2020_03-58-33_AM	Sweden	Stockholm	6
18-03-2020_03-58-34_AM	Sweden	Overtornea 	0
18-03-2020_04-00-36_AM	Sweden	Stockholm	4
18-03-2020_04-00-40_AM	Sweden	Overtornea 	0
18-03-2020_04-02-41_AM	Sweden	Stockholm	3
18-03-2020_04-02-42_AM	Sweden	Overtornea 	0
18-03-2020_04-04-43_AM	Sweden	Stockholm	2
18-03-2020_04-04-45_AM	Sweden	Overtornea 	0
18-03-2020_04-06-46_AM	Sweden	Stockholm	3
18-03-2020_04-06-47_AM	Sweden	Overtornea 	0
18-03-2020_04-08-48_AM	Sweden	Stockholm	4
18-03-2020_04-08-49_AM	Sweden	Overtornea 	0
18-03-2020_04-10-50_AM	Sweden	Stockholm	3
18-03-2020_04-10-51_AM	Sweden	Overtornea 	0
18-03-2020_04-12-53_AM	Sweden	Stockholm	2
18-03-2020_04-12-54_AM	Sweden	Overtornea 	0
18-03-2020_04-14-55_AM	Sweden	Stockholm	4
18-03-2020_04-14-56_AM	Sweden	Overtornea 	0
18-03-2020_04-16-57_AM	Sweden	Stockholm	3
18-03-2020_04-16-58_AM	Sweden	Overtornea 	0
18-03-2020_04-19-00_AM	Sweden	Stockholm	8
18-03-2020_04-19-01_AM	Sweden	Overtornea 	0
18-03-2020_04-21-02_AM	Sweden	Stockholm	5
18-03-2020_04-21-03_AM	Sweden	Overtornea 	0
18-03-2020_04-23-04_AM	Sweden	Stockholm	5
18-03-2020_04-23-05_AM	Sweden	Overtornea 	0
18-03-2020_04-25-06_AM	Sweden	Stockholm	3
18-03-2020_04-25-08_AM	Sweden	Overtornea 	0
18-03-2020_04-27-09_AM	Sweden	Stockholm	4
18-03-2020_04-27-10_AM	Sweden	Overtornea 	0
18-03-2020_04-29-11_AM	Sweden	Stockholm	5
18-03-2020_04-29-12_AM	Sweden	Overtornea 	0
18-03-2020_04-31-13_AM	Sweden	Stockholm	4
18-03-2020_04-31-14_AM	Sweden	Overtornea 	0
18-03-2020_04-33-16_AM	Sweden	Stockholm	4
18-03-2020_04-33-17_AM	Sweden	Overtornea 	0
18-03-2020_04-35-18_AM	Sweden	Stockholm	4
18-03-2020_04-35-19_AM	Sweden	Overtornea 	0
18-03-2020_04-37-20_AM	Sweden	Stockholm	5
18-03-2020_04-37-21_AM	Sweden	Overtornea 	0
18-03-2020_04-39-25_AM	Sweden	Stockholm	2
18-03-2020_04-39-26_AM	Sweden	Overtornea 	0
18-03-2020_04-41-27_AM	Sweden	Stockholm	5
18-03-2020_04-41-28_AM	Sweden	Overtornea 	0
18-03-2020_04-43-29_AM	Sweden	Stockholm	3
18-03-2020_04-43-30_AM	Sweden	Overtornea 	0
18-03-2020_04-45-32_AM	Sweden	Stockholm	5
18-03-2020_04-45-33_AM	Sweden	Overtornea 	0
18-03-2020_04-47-34_AM	Sweden	Stockholm	3
18-03-2020_04-47-35_AM	Sweden	Overtornea 	0
18-03-2020_04-49-36_AM	Sweden	Stockholm	4
18-03-2020_04-49-37_AM	Sweden	Overtornea 	0
18-03-2020_04-51-38_AM	Sweden	Stockholm	4
18-03-2020_04-51-40_AM	Sweden	Overtornea 	0
18-03-2020_04-53-41_AM	Sweden	Stockholm	4
18-03-2020_04-53-42_AM	Sweden	Overtornea 	0
18-03-2020_04-55-43_AM	Sweden	Stockholm	4
18-03-2020_04-55-44_AM	Sweden	Overtornea 	0
18-03-2020_04-57-45_AM	Sweden	Stockholm	4
18-03-2020_04-57-46_AM	Sweden	Overtornea 	0
18-03-2020_04-59-48_AM	Sweden	Stockholm	4
18-03-2020_04-59-49_AM	Sweden	Overtornea 	0
18-03-2020_05-01-50_AM	Sweden	Stockholm	3
18-03-2020_05-01-51_AM	Sweden	Overtornea 	0
18-03-2020_05-03-52_AM	Sweden	Stockholm	3
18-03-2020_05-03-53_AM	Sweden	Overtornea 	0
18-03-2020_05-05-54_AM	Sweden	Stockholm	2
18-03-2020_05-05-56_AM	Sweden	Overtornea 	0
18-03-2020_05-07-57_AM	Sweden	Stockholm	4
18-03-2020_05-07-58_AM	Sweden	Overtornea 	0
18-03-2020_05-09-59_AM	Sweden	Stockholm	3
18-03-2020_05-10-00_AM	Sweden	Overtornea 	0
18-03-2020_05-12-01_AM	Sweden	Stockholm	7
18-03-2020_05-12-02_AM	Sweden	Overtornea 	0
18-03-2020_05-14-04_AM	Sweden	Stockholm	5
18-03-2020_05-14-05_AM	Sweden	Overtornea 	0
18-03-2020_05-16-06_AM	Sweden	Stockholm	4
18-03-2020_05-16-07_AM	Sweden	Overtornea 	0
18-03-2020_05-18-08_AM	Sweden	Stockholm	3
18-03-2020_05-18-09_AM	Sweden	Overtornea 	0
18-03-2020_05-20-12_AM	Sweden	Stockholm	3
18-03-2020_05-20-14_AM	Sweden	Overtornea 	0
18-03-2020_05-22-15_AM	Sweden	Stockholm	2
18-03-2020_05-22-16_AM	Sweden	Overtornea 	0
18-03-2020_05-24-17_AM	Sweden	Stockholm	1
18-03-2020_05-24-18_AM	Sweden	Overtornea 	0
18-03-2020_05-26-20_AM	Sweden	Stockholm	2
18-03-2020_05-26-21_AM	Sweden	Overtornea 	0
18-03-2020_05-28-22_AM	Sweden	Stockholm	2
18-03-2020_05-28-23_AM	Sweden	Overtornea 	0
18-03-2020_05-30-24_AM	Sweden	Stockholm	2
18-03-2020_05-30-25_AM	Sweden	Overtornea 	0
18-03-2020_05-32-27_AM	Sweden	Stockholm	2
18-03-2020_05-32-28_AM	Sweden	Overtornea 	0
18-03-2020_05-34-29_AM	Sweden	Stockholm	2
18-03-2020_05-34-30_AM	Sweden	Overtornea 	0
18-03-2020_05-36-31_AM	Sweden	Stockholm	5
18-03-2020_05-36-32_AM	Sweden	Overtornea 	0
18-03-2020_05-38-33_AM	Sweden	Stockholm	2
18-03-2020_05-38-35_AM	Sweden	Overtornea 	0
18-03-2020_05-40-36_AM	Sweden	Stockholm	2
18-03-2020_05-40-37_AM	Sweden	Overtornea 	0
18-03-2020_05-42-38_AM	Sweden	Stockholm	2
18-03-2020_05-42-39_AM	Sweden	Overtornea 	0
18-03-2020_05-44-40_AM	Sweden	Stockholm	2
18-03-2020_05-44-41_AM	Sweden	Overtornea 	0
18-03-2020_05-46-43_AM	Sweden	Stockholm	1
18-03-2020_05-46-44_AM	Sweden	Overtornea 	0
18-03-2020_05-48-45_AM	Sweden	Stockholm	0
18-03-2020_05-48-46_AM	Sweden	Overtornea 	0
18-03-2020_05-50-47_AM	Sweden	Stockholm	0
18-03-2020_05-50-48_AM	Sweden	Overtornea 	0
18-03-2020_05-52-49_AM	Sweden	Stockholm	1
18-03-2020_05-52-50_AM	Sweden	Overtornea 	0
18-03-2020_05-54-52_AM	Sweden	Stockholm	5
18-03-2020_05-54-53_AM	Sweden	Overtornea 	0
18-03-2020_05-56-54_AM	Sweden	Stockholm	3
18-03-2020_05-56-55_AM	Sweden	Overtornea 	0
18-03-2020_05-58-56_AM	Sweden	Stockholm	3
18-03-2020_05-58-57_AM	Sweden	Overtornea 	0
18-03-2020_06-00-59_AM	Sweden	Stockholm	4
18-03-2020_06-01-00_AM	Sweden	Overtornea 	0
18-03-2020_06-03-01_AM	Sweden	Stockholm	2
18-03-2020_06-03-02_AM	Sweden	Overtornea 	0
18-03-2020_06-05-03_AM	Sweden	Stockholm	0
18-03-2020_06-05-04_AM	Sweden	Overtornea 	0
18-03-2020_06-07-05_AM	Sweden	Stockholm	2
18-03-2020_06-07-07_AM	Sweden	Overtornea 	0
18-03-2020_06-09-08_AM	Sweden	Stockholm	2
18-03-2020_06-09-09_AM	Sweden	Overtornea 	0
18-03-2020_06-11-11_AM	Sweden	Stockholm	2
18-03-2020_06-11-14_AM	Sweden	Overtornea 	0
18-03-2020_06-13-15_AM	Sweden	Stockholm	4
18-03-2020_06-13-16_AM	Sweden	Overtornea 	0
18-03-2020_06-15-18_AM	Sweden	Stockholm	2
18-03-2020_06-15-19_AM	Sweden	Overtornea 	0
18-03-2020_06-17-20_AM	Sweden	Stockholm	1
18-03-2020_06-17-21_AM	Sweden	Overtornea 	0
18-03-2020_06-19-24_AM	Sweden	Stockholm	2
18-03-2020_06-19-25_AM	Sweden	Overtornea 	0
18-03-2020_06-22-42_AM	Sweden	Stockholm	2
18-03-2020_06-22-43_AM	Sweden	Overtornea 	0
18-03-2020_06-24-44_AM	Sweden	Stockholm	1
18-03-2020_06-24-47_AM	Sweden	Overtornea 	0
18-03-2020_06-26-48_AM	Sweden	Stockholm	3
18-03-2020_06-26-49_AM	Sweden	Overtornea 	0
18-03-2020_06-28-51_AM	Sweden	Stockholm	3
18-03-2020_06-28-52_AM	Sweden	Overtornea 	1
18-03-2020_06-30-53_AM	Sweden	Stockholm	1
18-03-2020_06-30-54_AM	Sweden	Overtornea 	1
18-03-2020_06-32-56_AM	Sweden	Stockholm	3
18-03-2020_06-32-57_AM	Sweden	Overtornea 	0
18-03-2020_06-34-58_AM	Sweden	Stockholm	2
18-03-2020_06-34-59_AM	Sweden	Overtornea 	0
18-03-2020_06-37-00_AM	Sweden	Stockholm	5
18-03-2020_06-37-01_AM	Sweden	Overtornea 	0
18-03-2020_06-39-02_AM	Sweden	Stockholm	5
18-03-2020_06-39-04_AM	Sweden	Overtornea 	0
18-03-2020_06-41-05_AM	Sweden	Stockholm	2
18-03-2020_06-41-06_AM	Sweden	Overtornea 	0
18-03-2020_06-43-07_AM	Sweden	Stockholm	2
18-03-2020_06-43-08_AM	Sweden	Overtornea 	0
18-03-2020_06-45-09_AM	Sweden	Stockholm	5
18-03-2020_06-45-10_AM	Sweden	Overtornea 	0
18-03-2020_06-47-12_AM	Sweden	Stockholm	2
18-03-2020_06-47-13_AM	Sweden	Overtornea 	0
18-03-2020_06-49-14_AM	Sweden	Stockholm	3
18-03-2020_06-49-15_AM	Sweden	Overtornea 	0
18-03-2020_06-51-16_AM	Sweden	Stockholm	5
18-03-2020_06-51-17_AM	Sweden	Overtornea 	0
18-03-2020_06-53-19_AM	Sweden	Stockholm	3
18-03-2020_06-53-20_AM	Sweden	Overtornea 	0
18-03-2020_06-55-21_AM	Sweden	Stockholm	1
18-03-2020_06-55-22_AM	Sweden	Overtornea 	0
18-03-2020_06-57-23_AM	Sweden	Stockholm	2
18-03-2020_06-57-24_AM	Sweden	Overtornea 	0
18-03-2020_06-59-25_AM	Sweden	Stockholm	3
18-03-2020_06-59-27_AM	Sweden	Overtornea 	0
18-03-2020_07-01-28_AM	Sweden	Stockholm	2
18-03-2020_07-01-29_AM	Sweden	Overtornea 	0
18-03-2020_07-03-30_AM	Sweden	Stockholm	3
18-03-2020_07-03-31_AM	Sweden	Overtornea 	0
18-03-2020_07-05-32_AM	Sweden	Stockholm	3
18-03-2020_07-05-33_AM	Sweden	Overtornea 	0
18-03-2020_07-07-35_AM	Sweden	Stockholm	3
18-03-2020_07-07-36_AM	Sweden	Overtornea 	0
18-03-2020_07-09-37_AM	Sweden	Stockholm	2
18-03-2020_07-09-38_AM	Sweden	Overtornea 	0
18-03-2020_07-11-39_AM	Sweden	Stockholm	5
18-03-2020_07-11-40_AM	Sweden	Overtornea 	0
18-03-2020_07-13-41_AM	Sweden	Stockholm	5
18-03-2020_07-13-43_AM	Sweden	Overtornea 	1
18-03-2020_07-15-44_AM	Sweden	Stockholm	7
18-03-2020_07-15-45_AM	Sweden	Overtornea 	0
18-03-2020_07-17-46_AM	Sweden	Stockholm	13
18-03-2020_07-17-47_AM	Sweden	Overtornea 	0
18-03-2020_07-19-48_AM	Sweden	Stockholm	7
18-03-2020_07-19-49_AM	Sweden	Overtornea 	1
18-03-2020_07-21-51_AM	Sweden	Stockholm	5
18-03-2020_07-21-52_AM	Sweden	Overtornea 	0
18-03-2020_07-23-53_AM	Sweden	Stockholm	2
18-03-2020_07-23-54_AM	Sweden	Overtornea 	2
18-03-2020_07-25-55_AM	Sweden	Stockholm	4
18-03-2020_07-25-56_AM	Sweden	Overtornea 	2
18-03-2020_07-27-57_AM	Sweden	Stockholm	4
18-03-2020_07-27-59_AM	Sweden	Overtornea 	1
18-03-2020_07-30-00_AM	Sweden	Stockholm	3
18-03-2020_07-30-01_AM	Sweden	Overtornea 	1
18-03-2020_07-32-02_AM	Sweden	Stockholm	8
18-03-2020_07-32-03_AM	Sweden	Overtornea 	0
18-03-2020_07-34-04_AM	Sweden	Stockholm	7
18-03-2020_07-34-06_AM	Sweden	Overtornea 	2
18-03-2020_07-36-07_AM	Sweden	Stockholm	7
18-03-2020_07-36-08_AM	Sweden	Overtornea 	1
18-03-2020_07-38-09_AM	Sweden	Stockholm	11
18-03-2020_07-38-10_AM	Sweden	Overtornea 	0
18-03-2020_07-40-11_AM	Sweden	Stockholm	5
18-03-2020_07-40-12_AM	Sweden	Overtornea 	0
18-03-2020_07-42-13_AM	Sweden	Stockholm	5
18-03-2020_07-42-15_AM	Sweden	Overtornea 	0
18-03-2020_07-44-16_AM	Sweden	Stockholm	7
18-03-2020_07-44-17_AM	Sweden	Overtornea 	3
18-03-2020_07-46-18_AM	Sweden	Stockholm	4
18-03-2020_07-46-19_AM	Sweden	Overtornea 	0
18-03-2020_07-48-20_AM	Sweden	Stockholm	5
18-03-2020_07-48-21_AM	Sweden	Overtornea 	1
18-03-2020_07-50-23_AM	Sweden	Stockholm	11
18-03-2020_07-50-24_AM	Sweden	Overtornea 	0
18-03-2020_07-52-25_AM	Sweden	Stockholm	6
18-03-2020_07-52-26_AM	Sweden	Overtornea 	0
18-03-2020_07-54-27_AM	Sweden	Stockholm	6
18-03-2020_07-54-28_AM	Sweden	Overtornea 	0
18-03-2020_07-56-29_AM	Sweden	Stockholm	4
18-03-2020_07-56-31_AM	Sweden	Overtornea 	1
18-03-2020_07-58-32_AM	Sweden	Stockholm	7
18-03-2020_07-58-33_AM	Sweden	Overtornea 	0
18-03-2020_08-00-34_AM	Sweden	Stockholm	9
18-03-2020_08-00-35_AM	Sweden	Overtornea 	0
18-03-2020_08-02-36_AM	Sweden	Stockholm	7
18-03-2020_08-02-37_AM	Sweden	Overtornea 	0
18-03-2020_08-04-39_AM	Sweden	Stockholm	9
18-03-2020_08-04-40_AM	Sweden	Overtornea 	0
18-03-2020_08-06-41_AM	Sweden	Stockholm	7
18-03-2020_08-06-42_AM	Sweden	Overtornea 	1
18-03-2020_08-08-43_AM	Sweden	Stockholm	7
18-03-2020_08-08-44_AM	Sweden	Overtornea 	1
18-03-2020_08-10-46_AM	Sweden	Stockholm	2
18-03-2020_08-10-47_AM	Sweden	Overtornea 	0
18-03-2020_08-12-48_AM	Sweden	Stockholm	7
18-03-2020_08-12-49_AM	Sweden	Overtornea 	0
18-03-2020_08-14-50_AM	Sweden	Stockholm	5
18-03-2020_08-14-51_AM	Sweden	Overtornea 	0
18-03-2020_08-16-52_AM	Sweden	Stockholm	11
18-03-2020_08-16-54_AM	Sweden	Overtornea 	0
18-03-2020_08-18-55_AM	Sweden	Stockholm	5
18-03-2020_08-18-56_AM	Sweden	Overtornea 	0
18-03-2020_08-20-57_AM	Sweden	Stockholm	7
18-03-2020_08-20-58_AM	Sweden	Overtornea 	0
18-03-2020_08-22-59_AM	Sweden	Stockholm	5
18-03-2020_08-23-00_AM	Sweden	Overtornea 	1
18-03-2020_08-25-02_AM	Sweden	Stockholm	7
18-03-2020_08-25-03_AM	Sweden	Overtornea 	1
18-03-2020_08-27-04_AM	Sweden	Stockholm	4
18-03-2020_08-27-05_AM	Sweden	Overtornea 	1
18-03-2020_08-29-06_AM	Sweden	Stockholm	4
18-03-2020_08-29-07_AM	Sweden	Overtornea 	0
18-03-2020_08-31-09_AM	Sweden	Stockholm	5
18-03-2020_08-31-10_AM	Sweden	Overtornea 	1
18-03-2020_08-33-11_AM	Sweden	Stockholm	8
18-03-2020_08-33-12_AM	Sweden	Overtornea 	0
18-03-2020_08-35-13_AM	Sweden	Stockholm	6
18-03-2020_08-35-14_AM	Sweden	Overtornea 	0
18-03-2020_08-37-15_AM	Sweden	Stockholm	6
18-03-2020_08-37-17_AM	Sweden	Overtornea 	0
18-03-2020_08-39-18_AM	Sweden	Stockholm	0
18-03-2020_08-39-19_AM	Sweden	Overtornea 	0
18-03-2020_08-41-20_AM	Sweden	Stockholm	6
18-03-2020_08-41-21_AM	Sweden	Overtornea 	0
18-03-2020_08-43-22_AM	Sweden	Stockholm	6
18-03-2020_08-43-24_AM	Sweden	Overtornea 	0
18-03-2020_08-45-25_AM	Sweden	Stockholm	5
18-03-2020_08-45-26_AM	Sweden	Overtornea 	0
18-03-2020_08-47-27_AM	Sweden	Stockholm	5
18-03-2020_08-47-28_AM	Sweden	Overtornea 	0
18-03-2020_08-49-30_AM	Sweden	Stockholm	2
18-03-2020_08-49-31_AM	Sweden	Overtornea 	0
18-03-2020_08-51-32_AM	Sweden	Stockholm	4
18-03-2020_08-51-33_AM	Sweden	Overtornea 	0
18-03-2020_08-53-34_AM	Sweden	Stockholm	5
18-03-2020_08-53-35_AM	Sweden	Overtornea 	0
18-03-2020_08-55-37_AM	Sweden	Stockholm	5
18-03-2020_08-55-38_AM	Sweden	Overtornea 	1
18-03-2020_08-57-39_AM	Sweden	Stockholm	10
18-03-2020_08-57-40_AM	Sweden	Overtornea 	0
18-03-2020_08-59-41_AM	Sweden	Stockholm	3
18-03-2020_08-59-42_AM	Sweden	Overtornea 	0
18-03-2020_09-01-44_AM	Sweden	Stockholm	2
18-03-2020_09-01-45_AM	Sweden	Overtornea 	0
18-03-2020_09-03-46_AM	Sweden	Stockholm	5
18-03-2020_09-03-47_AM	Sweden	Overtornea 	0
18-03-2020_09-05-49_AM	Sweden	Stockholm	2
18-03-2020_09-05-50_AM	Sweden	Overtornea 	1
18-03-2020_09-07-51_AM	Sweden	Stockholm	6
18-03-2020_09-07-52_AM	Sweden	Overtornea 	0
18-03-2020_09-09-53_AM	Sweden	Stockholm	4
18-03-2020_09-09-54_AM	Sweden	Overtornea 	0
18-03-2020_09-11-56_AM	Sweden	Stockholm	8
18-03-2020_09-11-57_AM	Sweden	Overtornea 	0
18-03-2020_09-13-58_AM	Sweden	Stockholm	3
18-03-2020_09-13-59_AM	Sweden	Overtornea 	0
18-03-2020_09-16-00_AM	Sweden	Stockholm	1
18-03-2020_09-16-02_AM	Sweden	Overtornea 	2
18-03-2020_09-18-03_AM	Sweden	Stockholm	6
18-03-2020_09-18-04_AM	Sweden	Overtornea 	0
18-03-2020_09-20-05_AM	Sweden	Stockholm	1
18-03-2020_09-20-06_AM	Sweden	Overtornea 	1
18-03-2020_09-22-07_AM	Sweden	Stockholm	6
18-03-2020_09-22-09_AM	Sweden	Overtornea 	0
18-03-2020_09-24-10_AM	Sweden	Stockholm	4
18-03-2020_09-24-11_AM	Sweden	Overtornea 	0
18-03-2020_09-26-12_AM	Sweden	Stockholm	2
18-03-2020_09-26-13_AM	Sweden	Overtornea 	1
18-03-2020_09-28-14_AM	Sweden	Stockholm	1
18-03-2020_09-28-16_AM	Sweden	Overtornea 	0
18-03-2020_09-30-17_AM	Sweden	Stockholm	1
18-03-2020_09-30-18_AM	Sweden	Overtornea 	1
18-03-2020_09-32-19_AM	Sweden	Stockholm	3
18-03-2020_09-32-20_AM	Sweden	Overtornea 	0
18-03-2020_09-34-22_AM	Sweden	Stockholm	1
18-03-2020_09-34-23_AM	Sweden	Overtornea 	0
18-03-2020_09-36-24_AM	Sweden	Stockholm	1
18-03-2020_09-36-25_AM	Sweden	Overtornea 	0
18-03-2020_09-38-26_AM	Sweden	Stockholm	1
18-03-2020_09-38-27_AM	Sweden	Overtornea 	0
18-03-2020_09-40-29_AM	Sweden	Stockholm	2
18-03-2020_09-40-30_AM	Sweden	Overtornea 	0
18-03-2020_09-42-31_AM	Sweden	Stockholm	3
18-03-2020_09-42-32_AM	Sweden	Overtornea 	3
18-03-2020_09-44-33_AM	Sweden	Stockholm	6
18-03-2020_09-44-34_AM	Sweden	Overtornea 	2
18-03-2020_09-46-36_AM	Sweden	Stockholm	6
18-03-2020_09-46-37_AM	Sweden	Overtornea 	2
18-03-2020_09-48-38_AM	Sweden	Stockholm	0
18-03-2020_09-48-39_AM	Sweden	Overtornea 	1
18-03-2020_09-50-40_AM	Sweden	Stockholm	3
18-03-2020_09-50-41_AM	Sweden	Overtornea 	0
18-03-2020_09-52-43_AM	Sweden	Stockholm	1
18-03-2020_09-52-44_AM	Sweden	Overtornea 	0
18-03-2020_09-54-45_AM	Sweden	Stockholm	0
18-03-2020_09-54-46_AM	Sweden	Overtornea 	0
18-03-2020_09-56-47_AM	Sweden	Stockholm	2
18-03-2020_09-56-48_AM	Sweden	Overtornea 	0
18-03-2020_09-58-50_AM	Sweden	Stockholm	0
18-03-2020_09-58-51_AM	Sweden	Overtornea 	2
18-03-2020_10-00-52_AM	Sweden	Stockholm	5
18-03-2020_10-00-53_AM	Sweden	Overtornea 	0
18-03-2020_10-02-54_AM	Sweden	Stockholm	4
18-03-2020_10-02-55_AM	Sweden	Overtornea 	0
18-03-2020_10-04-57_AM	Sweden	Stockholm	1
18-03-2020_10-04-58_AM	Sweden	Overtornea 	0
18-03-2020_10-06-59_AM	Sweden	Stockholm	5
18-03-2020_10-07-00_AM	Sweden	Overtornea 	0
18-03-2020_10-09-01_AM	Sweden	Stockholm	0
18-03-2020_10-09-03_AM	Sweden	Overtornea 	0
18-03-2020_10-11-04_AM	Sweden	Stockholm	2
18-03-2020_10-11-05_AM	Sweden	Overtornea 	0
18-03-2020_10-13-06_AM	Sweden	Stockholm	3
18-03-2020_10-13-07_AM	Sweden	Overtornea 	1
18-03-2020_10-15-08_AM	Sweden	Stockholm	3
18-03-2020_10-15-10_AM	Sweden	Overtornea 	0
18-03-2020_10-17-11_AM	Sweden	Stockholm	2
18-03-2020_10-17-12_AM	Sweden	Overtornea 	1
18-03-2020_10-19-13_AM	Sweden	Stockholm	3
18-03-2020_10-19-14_AM	Sweden	Overtornea 	0
18-03-2020_10-21-15_AM	Sweden	Stockholm	1
18-03-2020_10-21-17_AM	Sweden	Overtornea 	0
18-03-2020_10-23-18_AM	Sweden	Stockholm	4
18-03-2020_10-23-19_AM	Sweden	Overtornea 	0
18-03-2020_10-25-20_AM	Sweden	Stockholm	5
18-03-2020_10-25-21_AM	Sweden	Overtornea 	0
18-03-2020_10-27-22_AM	Sweden	Stockholm	4
18-03-2020_10-27-24_AM	Sweden	Overtornea 	2
18-03-2020_10-29-25_AM	Sweden	Stockholm	5
18-03-2020_10-29-26_AM	Sweden	Overtornea 	0
18-03-2020_10-31-27_AM	Sweden	Stockholm	10
18-03-2020_10-31-28_AM	Sweden	Overtornea 	0
18-03-2020_10-33-30_AM	Sweden	Stockholm	2
18-03-2020_10-33-31_AM	Sweden	Overtornea 	0
18-03-2020_10-35-32_AM	Sweden	Stockholm	1
18-03-2020_10-35-33_AM	Sweden	Overtornea 	0
18-03-2020_10-37-34_AM	Sweden	Stockholm	1
18-03-2020_10-37-36_AM	Sweden	Overtornea 	0
18-03-2020_10-39-37_AM	Sweden	Stockholm	2
18-03-2020_10-39-38_AM	Sweden	Overtornea 	0
18-03-2020_10-41-39_AM	Sweden	Stockholm	5
18-03-2020_10-41-40_AM	Sweden	Overtornea 	0
18-03-2020_10-43-41_AM	Sweden	Stockholm	5
18-03-2020_10-43-43_AM	Sweden	Overtornea 	0
18-03-2020_10-45-44_AM	Sweden	Stockholm	3
18-03-2020_10-45-45_AM	Sweden	Overtornea 	3
18-03-2020_10-47-46_AM	Sweden	Stockholm	5
18-03-2020_10-47-47_AM	Sweden	Overtornea 	1
18-03-2020_10-49-48_AM	Sweden	Stockholm	3
18-03-2020_10-49-50_AM	Sweden	Overtornea 	0
18-03-2020_10-51-51_AM	Sweden	Stockholm	12
18-03-2020_10-51-56_AM	Sweden	Overtornea 	0
18-03-2020_10-53-57_AM	Sweden	Stockholm	4
18-03-2020_10-53-58_AM	Sweden	Overtornea 	0
18-03-2020_10-55-59_AM	Sweden	Stockholm	4
18-03-2020_10-56-00_AM	Sweden	Overtornea 	0
18-03-2020_10-58-02_AM	Sweden	Stockholm	1
18-03-2020_10-58-03_AM	Sweden	Overtornea 	0
18-03-2020_11-00-04_AM	Sweden	Stockholm	8
18-03-2020_11-00-05_AM	Sweden	Overtornea 	0
18-03-2020_11-02-06_AM	Sweden	Stockholm	5
18-03-2020_11-02-07_AM	Sweden	Overtornea 	0
18-03-2020_11-04-09_AM	Sweden	Stockholm	7
18-03-2020_11-04-10_AM	Sweden	Overtornea 	2
18-03-2020_11-06-11_AM	Sweden	Stockholm	7
18-03-2020_11-06-12_AM	Sweden	Overtornea 	0
18-03-2020_11-08-13_AM	Sweden	Stockholm	7
18-03-2020_11-08-14_AM	Sweden	Overtornea 	0
18-03-2020_11-10-16_AM	Sweden	Stockholm	5
18-03-2020_11-10-17_AM	Sweden	Overtornea 	1
18-03-2020_11-12-18_AM	Sweden	Stockholm	6
18-03-2020_11-12-19_AM	Sweden	Overtornea 	0
18-03-2020_11-14-20_AM	Sweden	Stockholm	8
18-03-2020_11-14-21_AM	Sweden	Overtornea 	0
18-03-2020_11-16-22_AM	Sweden	Stockholm	3
18-03-2020_11-16-24_AM	Sweden	Overtornea 	0
18-03-2020_11-18-28_AM	Sweden	Stockholm	3
18-03-2020_11-18-29_AM	Sweden	Overtornea 	1
18-03-2020_11-20-31_AM	Sweden	Stockholm	3
18-03-2020_11-20-32_AM	Sweden	Overtornea 	0
18-03-2020_11-22-33_AM	Sweden	Stockholm	11
18-03-2020_11-22-34_AM	Sweden	Overtornea 	0
18-03-2020_11-24-35_AM	Sweden	Stockholm	9
18-03-2020_11-24-36_AM	Sweden	Overtornea 	0
18-03-2020_11-26-38_AM	Sweden	Stockholm	5
18-03-2020_11-26-39_AM	Sweden	Overtornea 	0
18-03-2020_11-28-40_AM	Sweden	Stockholm	5
18-03-2020_11-28-41_AM	Sweden	Overtornea 	0
18-03-2020_11-30-42_AM	Sweden	Stockholm	5
18-03-2020_11-30-43_AM	Sweden	Overtornea 	0
18-03-2020_11-32-44_AM	Sweden	Stockholm	6
18-03-2020_11-32-46_AM	Sweden	Overtornea 	0
18-03-2020_11-34-47_AM	Sweden	Stockholm	6
18-03-2020_11-34-48_AM	Sweden	Overtornea 	0
18-03-2020_11-36-49_AM	Sweden	Stockholm	10
18-03-2020_11-36-50_AM	Sweden	Overtornea 	0
18-03-2020_11-38-54_AM	Sweden	Stockholm	5
18-03-2020_11-38-55_AM	Sweden	Overtornea 	0
18-03-2020_11-40-57_AM	Sweden	Stockholm	5
18-03-2020_11-40-58_AM	Sweden	Overtornea 	0
18-03-2020_11-42-59_AM	Sweden	Stockholm	10
18-03-2020_11-43-00_AM	Sweden	Overtornea 	0
18-03-2020_11-45-01_AM	Sweden	Stockholm	6
18-03-2020_11-45-03_AM	Sweden	Overtornea 	0
18-03-2020_11-47-04_AM	Sweden	Stockholm	5
18-03-2020_11-47-05_AM	Sweden	Overtornea 	1
18-03-2020_11-49-06_AM	Sweden	Stockholm	4
18-03-2020_11-49-07_AM	Sweden	Overtornea 	3
18-03-2020_11-51-09_AM	Sweden	Stockholm	10
18-03-2020_11-51-10_AM	Sweden	Overtornea 	0
18-03-2020_11-53-11_AM	Sweden	Stockholm	5
18-03-2020_11-53-12_AM	Sweden	Overtornea 	0
18-03-2020_11-55-13_AM	Sweden	Stockholm	15
18-03-2020_11-55-14_AM	Sweden	Overtornea 	0
18-03-2020_11-57-15_AM	Sweden	Stockholm	5
18-03-2020_11-57-17_AM	Sweden	Overtornea 	0
18-03-2020_11-59-18_AM	Sweden	Stockholm	5
18-03-2020_11-59-19_AM	Sweden	Overtornea 	0
18-03-2020_12-01-20_PM	Sweden	Stockholm	6
18-03-2020_12-01-21_PM	Sweden	Overtornea 	0
18-03-2020_12-02-35_AM	Sweden	Stockholm	1
18-03-2020_12-02-36_AM	Sweden	Overtornea 	0
18-03-2020_12-04-51_AM	Sweden	Stockholm	5
18-03-2020_12-04-52_AM	Sweden	Overtornea 	0
18-03-2020_12-06-53_AM	Sweden	Stockholm	2
18-03-2020_12-06-54_AM	Sweden	Overtornea 	0
18-03-2020_12-08-56_AM	Sweden	Stockholm	3
18-03-2020_12-08-57_AM	Sweden	Overtornea 	0
18-03-2020_12-10-58_AM	Sweden	Stockholm	2
18-03-2020_12-10-59_AM	Sweden	Overtornea 	0
18-03-2020_12-13-00_AM	Sweden	Stockholm	1
18-03-2020_12-13-01_AM	Sweden	Overtornea 	0
18-03-2020_12-15-02_AM	Sweden	Stockholm	1
18-03-2020_12-15-04_AM	Sweden	Overtornea 	0
18-03-2020_12-17-05_AM	Sweden	Stockholm	1
18-03-2020_12-17-06_AM	Sweden	Overtornea 	0
18-03-2020_12-19-07_AM	Sweden	Stockholm	0
18-03-2020_12-19-08_AM	Sweden	Overtornea 	0
18-03-2020_12-21-09_AM	Sweden	Stockholm	1
18-03-2020_12-21-10_AM	Sweden	Overtornea 	0
18-03-2020_12-23-12_AM	Sweden	Stockholm	2
18-03-2020_12-23-13_AM	Sweden	Overtornea 	0
18-03-2020_12-25-14_AM	Sweden	Stockholm	1
18-03-2020_12-25-15_AM	Sweden	Overtornea 	0
18-03-2020_12-27-16_AM	Sweden	Stockholm	2
18-03-2020_12-27-17_AM	Sweden	Overtornea 	0
18-03-2020_12-29-18_AM	Sweden	Stockholm	4
18-03-2020_12-29-20_AM	Sweden	Overtornea 	0
18-03-2020_12-31-21_AM	Sweden	Stockholm	2
18-03-2020_12-31-22_AM	Sweden	Overtornea 	0
18-03-2020_12-33-23_AM	Sweden	Stockholm	1
18-03-2020_12-33-24_AM	Sweden	Overtornea 	0
18-03-2020_12-35-25_AM	Sweden	Stockholm	1
18-03-2020_12-35-26_AM	Sweden	Overtornea 	0
18-03-2020_12-37-28_AM	Sweden	Stockholm	4
18-03-2020_12-37-29_AM	Sweden	Overtornea 	0
18-03-2020_12-39-30_AM	Sweden	Stockholm	3
18-03-2020_12-39-31_AM	Sweden	Overtornea 	0
18-03-2020_12-41-32_AM	Sweden	Stockholm	3
18-03-2020_12-41-33_AM	Sweden	Overtornea 	0
18-03-2020_12-43-35_AM	Sweden	Stockholm	1
18-03-2020_12-43-36_AM	Sweden	Overtornea 	0
18-03-2020_12-45-37_AM	Sweden	Stockholm	2
18-03-2020_12-45-38_AM	Sweden	Overtornea 	0
18-03-2020_12-47-39_AM	Sweden	Stockholm	3
18-03-2020_12-47-40_AM	Sweden	Overtornea 	0
18-03-2020_12-49-42_AM	Sweden	Stockholm	3
18-03-2020_12-49-43_AM	Sweden	Overtornea 	0
18-03-2020_12-51-44_AM	Sweden	Stockholm	2
18-03-2020_12-51-45_AM	Sweden	Overtornea 	0
18-03-2020_12-53-46_AM	Sweden	Stockholm	1
18-03-2020_12-53-47_AM	Sweden	Overtornea 	0
18-03-2020_12-55-48_AM	Sweden	Stockholm	4
18-03-2020_12-55-50_AM	Sweden	Overtornea 	0
18-03-2020_12-57-51_AM	Sweden	Stockholm	1
18-03-2020_12-57-52_AM	Sweden	Overtornea 	0
18-03-2020_12-59-53_AM	Sweden	Stockholm	4
18-03-2020_12-59-54_AM	Sweden	Overtornea 	0
